Ride,Date/Time,Wait Time
Big Tower,2023-05-01 10:40:04,40
Big Tower,2023-05-01 10:45:04,40
Big Tower,2023-05-01 10:50:04,40
Big Tower,2023-05-01 10:55:04,40
Big Tower,2023-05-01 11:00:04,40
Big Tower,2023-05-01 11:05:05,40
Big Tower,2023-05-01 11:10:05,40
Big Tower,2023-05-01 11:15:04,60
Big Tower,2023-05-01 11:20:04,60
Big Tower,2023-05-01 11:25:04,60
Big Tower,2023-05-01 11:30:04,60
Big Tower,2023-05-01 11:35:04,70
Big Tower,2023-05-01 11:40:04,70
Big Tower,2023-05-01 11:45:04,70
Big Tower,2023-05-01 11:50:04,70
Big Tower,2023-05-01 11:55:03,70
Big Tower,2023-05-01 12:00:05,70
Big Tower,2023-05-01 12:05:04,70
Big Tower,2023-05-01 12:10:05,70
Big Tower,2023-05-01 12:15:04,40
Big Tower,2023-05-01 12:20:04,40
Big Tower,2023-05-01 12:25:04,40
Big Tower,2023-05-01 12:30:04,40
Big Tower,2023-05-01 12:35:04,40
Big Tower,2023-05-01 12:40:04,40
Big Tower,2023-05-01 12:45:04,40
Big Tower,2023-05-01 12:50:04,40
Big Tower,2023-05-01 12:55:03,40
Big Tower,2023-05-01 13:00:04,40
Big Tower,2023-05-01 13:05:04,40
Big Tower,2023-05-01 13:10:04,40
Big Tower,2023-05-01 13:15:04,40
Big Tower,2023-05-01 13:20:04,40
Big Tower,2023-05-01 13:25:05,40
Big Tower,2023-05-01 13:30:04,40
Big Tower,2023-05-01 13:35:04,50
Big Tower,2023-05-01 13:40:04,50
Big Tower,2023-05-01 13:45:04,50
Big Tower,2023-05-01 13:50:04,50
Big Tower,2023-05-01 13:55:04,50
Big Tower,2023-05-01 14:00:05,50
Big Tower,2023-05-01 14:05:04,30
Big Tower,2023-05-01 14:10:04,30
Big Tower,2023-05-01 14:15:04,30
Big Tower,2023-05-01 14:20:05,30
Big Tower,2023-05-01 14:25:04,30
Big Tower,2023-05-01 14:30:04,30
Big Tower,2023-05-01 14:35:04,30
Big Tower,2023-05-01 14:40:04,50
Big Tower,2023-05-01 14:45:04,50
Big Tower,2023-05-01 14:50:04,50
Big Tower,2023-05-01 14:55:04,50
Big Tower,2023-05-01 15:00:04,50
Big Tower,2023-05-01 15:05:04,40
Big Tower,2023-05-01 15:10:03,40
Big Tower,2023-05-01 15:15:05,40
Big Tower,2023-05-01 15:20:04,40
Big Tower,2023-05-01 15:25:03,40
Big Tower,2023-05-01 15:30:03,40
Big Tower,2023-05-01 15:35:04,20
Big Tower,2023-05-01 15:40:04,20
Big Tower,2023-05-01 15:45:04,20
Big Tower,2023-05-01 15:50:04,20
Big Tower,2023-05-01 15:55:04,20
Big Tower,2023-05-01 16:00:04,20
Big Tower,2023-05-01 16:05:04,20
Big Tower,2023-05-01 16:10:04,20
Big Tower,2023-05-01 16:15:05,20
Big Tower,2023-05-01 16:20:04,20
Big Tower,2023-05-01 16:25:04,20
Big Tower,2023-05-01 16:30:04,20
Big Tower,2023-05-01 16:35:04,30
Big Tower,2023-05-01 16:40:04,30
Big Tower,2023-05-01 16:45:04,30
Big Tower,2023-05-01 16:50:04,30
Big Tower,2023-05-01 16:55:04,30
Big Tower,2023-05-01 17:00:04,30
Big Tower,2023-05-01 17:05:04,30
Big Tower,2023-05-01 17:10:03,10
Big Tower,2023-05-01 17:15:04,10
Big Tower,2023-05-01 17:20:04,10
Big Tower,2023-05-01 17:25:04,10
Big Tower,2023-05-01 17:30:04,10
Big Tower,2023-05-01 17:35:04,10
Big Tower,2023-05-01 17:40:04,30
Big Tower,2023-05-01 17:45:04,30
Big Tower,2023-05-01 17:50:04,30
Big Tower,2023-05-01 17:55:05,30
Big Tower,2023-05-01 18:00:04,30
Big Tower,2023-05-04 10:40:04,10
Big Tower,2023-05-04 10:45:04,10
Big Tower,2023-05-04 10:50:04,10
Big Tower,2023-05-04 10:55:04,10
Big Tower,2023-05-04 11:00:05,20
Big Tower,2023-05-04 11:05:04,20
Big Tower,2023-05-04 11:10:05,20
Big Tower,2023-05-04 11:15:04,20
Big Tower,2023-05-04 11:20:04,20
Big Tower,2023-05-04 11:25:04,20
Big Tower,2023-05-04 11:30:05,20
Big Tower,2023-05-04 11:35:04,20
Big Tower,2023-05-04 11:40:04,30
Big Tower,2023-05-04 11:45:04,30
Big Tower,2023-05-04 11:50:04,30
Big Tower,2023-05-04 11:55:03,30
Big Tower,2023-05-04 12:00:04,30
Big Tower,2023-05-04 12:05:04,30
Big Tower,2023-05-04 12:10:04,20
Big Tower,2023-05-04 12:15:04,20
Big Tower,2023-05-04 12:20:04,20
Big Tower,2023-05-04 12:25:03,20
Big Tower,2023-05-04 12:30:04,20
Big Tower,2023-05-04 12:35:04,20
Big Tower,2023-05-04 12:40:04,30
Big Tower,2023-05-04 12:45:04,30
Big Tower,2023-05-04 12:50:04,30
Big Tower,2023-05-04 12:55:04,30
Big Tower,2023-05-04 13:00:04,30
Big Tower,2023-05-04 13:05:04,30
Big Tower,2023-05-04 13:10:04,5
Big Tower,2023-05-04 13:15:04,5
Big Tower,2023-05-04 13:20:04,5
Big Tower,2023-05-04 13:25:04,5
Big Tower,2023-05-04 13:30:04,5
Big Tower,2023-05-04 13:35:04,5
Big Tower,2023-05-04 13:40:04,5
Big Tower,2023-05-04 13:45:04,20
Big Tower,2023-05-04 13:50:04,20
Big Tower,2023-05-04 13:55:04,20
Big Tower,2023-05-04 14:00:04,20
Big Tower,2023-05-04 14:05:04,5
Big Tower,2023-05-04 14:10:04,5
Big Tower,2023-05-04 14:15:04,5
Big Tower,2023-05-04 14:20:04,5
Big Tower,2023-05-04 14:25:04,5
Big Tower,2023-05-04 14:30:04,5
Big Tower,2023-05-04 14:35:04,30
Big Tower,2023-05-04 14:40:04,30
Big Tower,2023-05-04 14:45:04,30
Big Tower,2023-05-04 14:50:04,30
Big Tower,2023-05-04 14:55:04,30
Big Tower,2023-05-04 15:00:04,30
Big Tower,2023-05-04 15:05:04,20
Big Tower,2023-05-04 15:10:04,20
Big Tower,2023-05-04 15:15:05,20
Big Tower,2023-05-04 15:20:04,20
Big Tower,2023-05-04 15:25:04,20
Big Tower,2023-05-04 15:30:06,5
Big Tower,2023-05-04 15:35:04,5
Big Tower,2023-05-04 15:40:04,5
Big Tower,2023-05-04 15:45:04,5
Big Tower,2023-05-04 15:50:04,5
Big Tower,2023-05-04 15:55:04,5
Big Tower,2023-05-04 16:00:04,5
Big Tower,2023-05-04 16:05:03,5
Big Tower,2023-05-04 16:10:05,5
Big Tower,2023-05-04 16:15:04,5
Big Tower,2023-05-04 16:20:05,5
Big Tower,2023-05-04 16:25:05,5
Big Tower,2023-05-04 16:30:04,5
Big Tower,2023-05-04 16:35:04,5
Big Tower,2023-05-04 16:40:04,5
Big Tower,2023-05-04 16:45:04,5
Big Tower,2023-05-04 16:50:03,5
Big Tower,2023-05-04 16:55:04,10
Big Tower,2023-05-04 17:00:05,10
Big Tower,2023-05-04 17:05:04,10
Big Tower,2023-05-04 17:10:05,10
Big Tower,2023-05-04 17:15:04,10
Big Tower,2023-05-04 17:20:04,10
Big Tower,2023-05-04 17:25:04,10
Big Tower,2023-05-04 17:30:04,10
Big Tower,2023-05-04 17:35:04,5
Big Tower,2023-05-04 17:40:04,5
Big Tower,2023-05-04 17:45:04,5
Big Tower,2023-05-04 17:50:04,5
Big Tower,2023-05-04 17:55:04,5
Big Tower,2023-05-04 18:00:04,5
Big Tower,2023-05-04 18:05:04,5
Big Tower,2023-05-05 11:00:04,15
Big Tower,2023-05-05 11:05:05,15
Big Tower,2023-05-05 11:10:04,15
Big Tower,2023-05-05 11:15:04,15
Big Tower,2023-05-05 11:20:04,15
Big Tower,2023-05-05 11:25:04,15
Big Tower,2023-05-05 11:30:05,40
Big Tower,2023-05-05 11:35:04,40
Big Tower,2023-05-05 11:40:04,40
Big Tower,2023-05-05 11:45:04,40
Big Tower,2023-05-05 11:50:04,40
Big Tower,2023-05-05 11:55:04,40
Big Tower,2023-05-05 12:00:04,50
Big Tower,2023-05-05 12:05:05,50
Big Tower,2023-05-05 12:10:05,50
Big Tower,2023-05-05 12:15:04,50
Big Tower,2023-05-05 12:20:04,50
Big Tower,2023-05-05 12:25:04,50
Big Tower,2023-05-05 12:30:04,30
Big Tower,2023-05-05 12:35:04,30
Big Tower,2023-05-05 12:40:04,30
Big Tower,2023-05-05 12:45:04,30
Big Tower,2023-05-05 12:50:04,30
Big Tower,2023-05-05 12:55:04,30
Big Tower,2023-05-05 13:00:05,30
Big Tower,2023-05-05 13:05:04,20
Big Tower,2023-05-05 13:10:05,20
Big Tower,2023-05-05 13:15:04,20
Big Tower,2023-05-05 13:20:04,20
Big Tower,2023-05-05 13:25:03,20
Big Tower,2023-05-05 13:30:04,20
Big Tower,2023-05-05 13:35:04,20
Big Tower,2023-05-05 13:40:04,10
Big Tower,2023-05-05 13:45:04,10
Big Tower,2023-05-05 13:50:04,10
Big Tower,2023-05-05 13:55:04,10
Big Tower,2023-05-05 14:00:04,10
Big Tower,2023-05-05 14:05:04,10
Big Tower,2023-05-05 14:10:04,5
Big Tower,2023-05-05 14:15:04,5
Big Tower,2023-05-05 14:20:04,5
Big Tower,2023-05-05 14:25:04,5
Big Tower,2023-05-05 14:30:04,5
Big Tower,2023-05-05 14:35:05,20
Big Tower,2023-05-05 14:40:04,20
Big Tower,2023-05-05 14:45:03,20
Big Tower,2023-05-05 14:50:05,20
Big Tower,2023-05-05 14:55:03,20
Big Tower,2023-05-05 15:00:05,20
Big Tower,2023-05-05 15:05:04,10
Big Tower,2023-05-05 15:10:03,10
Big Tower,2023-05-05 15:15:05,10
Big Tower,2023-05-05 15:20:04,10
Big Tower,2023-05-05 15:25:05,10
Big Tower,2023-05-05 15:30:04,10
Big Tower,2023-05-05 15:35:04,10
Big Tower,2023-05-05 15:40:04,10
Big Tower,2023-05-05 15:45:05,10
Big Tower,2023-05-05 15:50:05,10
Big Tower,2023-05-05 15:55:04,10
Big Tower,2023-05-05 16:00:04,10
Big Tower,2023-05-05 16:05:04,10
Big Tower,2023-05-05 16:10:05,10
Big Tower,2023-05-05 16:15:04,10
Big Tower,2023-05-05 16:20:04,10
Big Tower,2023-05-05 16:25:04,10
Big Tower,2023-05-05 16:30:04,10
Big Tower,2023-05-05 16:35:04,5
Big Tower,2023-05-05 16:40:03,5
Big Tower,2023-05-05 16:45:04,5
Big Tower,2023-05-05 16:50:04,5
Big Tower,2023-05-05 16:55:04,5
Big Tower,2023-05-05 17:00:04,5
Big Tower,2023-05-05 17:05:04,5
Big Tower,2023-05-05 17:10:04,5
Big Tower,2023-05-05 17:15:04,5
Big Tower,2023-05-05 17:20:04,5
Big Tower,2023-05-05 17:25:04,5
Big Tower,2023-05-05 17:30:05,5
Big Tower,2023-05-05 17:35:04,5
Big Tower,2023-05-05 17:40:05,5
Big Tower,2023-05-05 17:45:04,5
Big Tower,2023-05-05 17:50:04,5
Big Tower,2023-05-05 17:55:04,5
Big Tower,2023-05-05 18:00:05,5
Big Tower,2023-05-05 18:05:04,5
Big Tower,2023-05-06 10:30:04,30
Big Tower,2023-05-06 10:35:04,30
Big Tower,2023-05-06 10:40:04,30
Big Tower,2023-05-06 10:45:03,30
Big Tower,2023-05-06 10:50:05,30
Big Tower,2023-05-06 10:55:04,30
Big Tower,2023-05-06 11:00:04,30
Big Tower,2023-05-06 11:05:04,90
Big Tower,2023-05-06 11:10:04,90
Big Tower,2023-05-06 11:15:04,90
Big Tower,2023-05-06 11:20:05,90
Big Tower,2023-05-06 11:25:03,90
Big Tower,2023-05-06 11:30:04,90
Big Tower,2023-05-06 11:35:04,120
Big Tower,2023-05-06 11:40:03,120
Big Tower,2023-05-06 11:45:04,120
Big Tower,2023-05-06 11:50:04,120
Big Tower,2023-05-06 11:55:03,120
Big Tower,2023-05-06 12:00:04,120
Big Tower,2023-05-06 12:05:05,120
Big Tower,2023-05-06 12:10:04,120
Big Tower,2023-05-06 12:15:04,120
Big Tower,2023-05-06 12:20:04,120
Big Tower,2023-05-06 12:25:04,120
Big Tower,2023-05-06 12:30:04,120
Big Tower,2023-05-06 12:35:04,120
Big Tower,2023-05-06 12:40:03,100
Big Tower,2023-05-06 12:45:05,100
Big Tower,2023-05-06 12:50:03,100
Big Tower,2023-05-06 12:55:04,100
Big Tower,2023-05-06 13:00:04,100
Big Tower,2023-05-06 13:05:05,100
Big Tower,2023-05-06 13:10:04,110
Big Tower,2023-05-06 13:15:04,110
Big Tower,2023-05-06 13:20:04,110
Big Tower,2023-05-06 13:25:04,110
Big Tower,2023-05-06 13:30:04,110
Big Tower,2023-05-06 13:35:04,110
Big Tower,2023-05-06 13:40:04,110
Big Tower,2023-05-06 13:45:04,110
Big Tower,2023-05-06 13:50:04,110
Big Tower,2023-05-06 13:55:04,110
Big Tower,2023-05-06 14:00:04,110
Big Tower,2023-05-06 14:05:04,90
Big Tower,2023-05-06 14:10:04,90
Big Tower,2023-05-06 14:15:04,90
Big Tower,2023-05-06 14:20:04,90
Big Tower,2023-05-06 14:25:04,90
Big Tower,2023-05-06 14:30:04,90
Big Tower,2023-05-06 14:35:04,90
Big Tower,2023-05-06 14:40:04,90
Big Tower,2023-05-06 14:45:04,90
Big Tower,2023-05-06 14:50:04,90
Big Tower,2023-05-06 14:55:04,90
Big Tower,2023-05-06 15:00:05,90
Big Tower,2023-05-06 15:05:04,60
Big Tower,2023-05-06 15:10:05,60
Big Tower,2023-05-06 15:15:04,60
Big Tower,2023-05-06 15:20:04,60
Big Tower,2023-05-06 15:25:05,60
Big Tower,2023-05-06 15:30:03,40
Big Tower,2023-05-06 15:35:04,40
Big Tower,2023-05-06 15:40:04,40
Big Tower,2023-05-06 15:45:04,40
Big Tower,2023-05-06 15:50:04,40
Big Tower,2023-05-06 15:55:04,40
Big Tower,2023-05-06 16:00:04,30
Big Tower,2023-05-06 16:05:04,30
Big Tower,2023-05-06 16:10:04,30
Big Tower,2023-05-06 16:15:04,30
Big Tower,2023-05-06 16:20:04,30
Big Tower,2023-05-06 16:25:04,30
Big Tower,2023-05-06 16:30:04,30
Big Tower,2023-05-06 16:35:04,30
Big Tower,2023-05-06 16:40:04,30
Big Tower,2023-05-06 16:45:04,30
Big Tower,2023-05-06 16:50:04,30
Big Tower,2023-05-06 16:55:04,30
Big Tower,2023-05-06 17:00:03,30
Big Tower,2023-05-06 17:05:05,30
Big Tower,2023-05-06 17:10:05,30
Big Tower,2023-05-06 17:15:04,30
Big Tower,2023-05-06 17:20:04,30
Big Tower,2023-05-06 17:25:04,30
Big Tower,2023-05-06 17:30:04,30
Big Tower,2023-05-06 17:35:04,30
Big Tower,2023-05-06 17:40:04,30
Big Tower,2023-05-06 17:45:04,30
Big Tower,2023-05-06 17:50:04,30
Big Tower,2023-05-06 17:55:04,30
Big Tower,2023-05-06 18:00:05,30
Big Tower,2023-05-06 18:05:04,30
Big Tower,2023-05-07 10:40:05,40
Big Tower,2023-05-07 10:45:04,40
Big Tower,2023-05-07 10:50:03,40
Big Tower,2023-05-07 10:55:04,40
Big Tower,2023-05-07 11:00:04,40
Big Tower,2023-05-07 11:05:04,40
Big Tower,2023-05-07 11:10:04,40
Big Tower,2023-05-07 11:15:04,40
Big Tower,2023-05-07 11:20:05,40
Big Tower,2023-05-07 11:25:04,40
Big Tower,2023-05-07 11:30:04,40
Big Tower,2023-05-07 11:35:04,40
Big Tower,2023-05-07 11:40:04,40
Big Tower,2023-05-07 11:45:04,90
Big Tower,2023-05-07 11:50:04,90
Big Tower,2023-05-07 11:55:04,90
Big Tower,2023-05-07 12:00:04,90
Big Tower,2023-05-07 12:05:04,90
Big Tower,2023-05-07 12:10:05,90
Big Tower,2023-05-07 12:15:04,60
Big Tower,2023-05-07 12:20:04,60
Big Tower,2023-05-07 12:25:04,60
Big Tower,2023-05-07 12:30:04,60
Big Tower,2023-05-07 12:35:03,60
Big Tower,2023-05-07 12:40:04,75
Big Tower,2023-05-07 12:45:04,75
Big Tower,2023-05-07 12:50:04,75
Big Tower,2023-05-07 12:55:04,75
Big Tower,2023-05-07 13:00:05,75
Big Tower,2023-05-07 13:05:04,75
Big Tower,2023-05-07 13:10:04,70
Big Tower,2023-05-07 13:15:05,70
Big Tower,2023-05-07 13:20:04,70
Big Tower,2023-05-07 13:25:04,70
Big Tower,2023-05-07 13:30:04,70
Big Tower,2023-05-07 13:35:04,70
Big Tower,2023-05-07 13:40:04,60
Big Tower,2023-05-07 13:45:04,60
Big Tower,2023-05-07 13:50:03,60
Big Tower,2023-05-07 13:55:03,60
Big Tower,2023-05-07 14:00:04,60
Big Tower,2023-05-07 14:05:04,60
Big Tower,2023-05-07 14:10:05,60
Big Tower,2023-05-07 14:15:04,60
Big Tower,2023-05-07 14:20:04,60
Big Tower,2023-05-07 14:25:04,60
Big Tower,2023-05-07 14:30:04,90
Big Tower,2023-05-07 14:35:03,90
Big Tower,2023-05-07 14:40:04,90
Big Tower,2023-05-07 14:45:04,90
Big Tower,2023-05-07 14:50:04,90
Big Tower,2023-05-07 14:55:03,90
Big Tower,2023-05-07 15:00:04,90
Big Tower,2023-05-07 15:05:04,90
Big Tower,2023-05-07 15:10:04,90
Big Tower,2023-05-07 15:15:04,90
Big Tower,2023-05-07 15:20:04,90
Big Tower,2023-05-07 15:25:04,90
Big Tower,2023-05-07 15:30:04,90
Big Tower,2023-05-07 15:35:04,60
Big Tower,2023-05-07 15:40:03,60
Big Tower,2023-05-07 15:45:04,60
Big Tower,2023-05-07 15:50:04,60
Big Tower,2023-05-07 15:55:04,60
Big Tower,2023-05-07 16:00:05,60
Big Tower,2023-05-07 16:05:04,60
Big Tower,2023-05-07 16:10:04,60
Big Tower,2023-05-07 16:15:04,60
Big Tower,2023-05-07 16:20:05,60
Big Tower,2023-05-07 16:25:04,60
Big Tower,2023-05-07 16:30:04,60
Big Tower,2023-05-07 16:35:04,60
Big Tower,2023-05-07 16:40:04,40
Big Tower,2023-05-07 16:45:04,40
Big Tower,2023-05-07 16:50:04,40
Big Tower,2023-05-07 16:55:04,40
Big Tower,2023-05-07 17:00:05,40
Big Tower,2023-05-07 17:05:04,40
Big Tower,2023-05-07 17:10:04,30
Big Tower,2023-05-07 17:15:04,30
Big Tower,2023-05-07 17:20:04,30
Big Tower,2023-05-07 17:25:04,30
Big Tower,2023-05-07 17:30:05,30
Big Tower,2023-05-07 17:35:04,30
Big Tower,2023-05-07 17:40:03,30
Big Tower,2023-05-07 17:45:03,30
Big Tower,2023-05-07 17:50:04,30
Big Tower,2023-05-07 17:55:04,30
Big Tower,2023-05-07 18:00:04,30
Big Tower,2023-05-10 10:40:03,40
Big Tower,2023-05-10 10:45:04,40
Big Tower,2023-05-10 10:50:04,40
Big Tower,2023-05-10 10:55:04,60
Big Tower,2023-05-10 11:00:04,60
Big Tower,2023-05-10 11:05:05,60
Big Tower,2023-05-10 11:10:04,60
Big Tower,2023-05-10 11:15:04,60
Big Tower,2023-05-10 11:20:05,60
Big Tower,2023-05-10 11:25:05,60
Big Tower,2023-05-10 11:30:05,60
Big Tower,2023-05-10 11:35:04,60
Big Tower,2023-05-10 11:40:03,60
Big Tower,2023-05-10 11:45:04,60
Big Tower,2023-05-10 11:50:04,60
Big Tower,2023-05-10 11:55:04,60
Big Tower,2023-05-10 12:00:04,30
Big Tower,2023-05-10 12:05:04,30
Big Tower,2023-05-10 12:10:03,30
Big Tower,2023-05-10 12:15:04,30
Big Tower,2023-05-10 12:20:04,30
Big Tower,2023-05-10 12:25:04,30
Big Tower,2023-05-10 12:30:05,30
Big Tower,2023-05-10 12:35:04,20
Big Tower,2023-05-10 12:40:04,20
Big Tower,2023-05-10 12:45:04,20
Big Tower,2023-05-10 12:50:04,20
Big Tower,2023-05-10 12:55:04,10
Big Tower,2023-05-10 13:00:04,10
Big Tower,2023-05-10 13:05:04,10
Big Tower,2023-05-10 13:10:05,10
Big Tower,2023-05-10 13:15:04,10
Big Tower,2023-05-10 13:20:04,10
Big Tower,2023-05-10 13:25:04,10
Big Tower,2023-05-10 13:30:04,10
Big Tower,2023-05-10 13:35:04,5
Big Tower,2023-05-10 13:40:04,5
Big Tower,2023-05-10 13:45:03,5
Big Tower,2023-05-10 13:50:04,5
Big Tower,2023-05-10 13:55:04,5
Big Tower,2023-05-10 14:00:04,5
Big Tower,2023-05-10 14:05:04,10
Big Tower,2023-05-10 14:10:04,10
Big Tower,2023-05-10 14:15:04,10
Big Tower,2023-05-10 14:20:04,10
Big Tower,2023-05-10 14:25:04,10
Big Tower,2023-05-10 14:30:04,15
Big Tower,2023-05-10 14:35:04,15
Big Tower,2023-05-10 14:40:04,15
Big Tower,2023-05-10 14:45:03,15
Big Tower,2023-05-10 14:50:04,15
Big Tower,2023-05-10 14:55:04,10
Big Tower,2023-05-10 15:00:06,10
Big Tower,2023-05-10 15:05:04,10
Big Tower,2023-05-10 15:10:04,10
Big Tower,2023-05-10 15:15:04,10
Big Tower,2023-05-10 15:20:04,10
Big Tower,2023-05-10 15:25:05,10
Big Tower,2023-05-10 15:30:04,10
Big Tower,2023-05-10 15:35:04,10
Big Tower,2023-05-10 15:40:03,10
Big Tower,2023-05-10 15:45:04,10
Big Tower,2023-05-10 15:50:04,10
Big Tower,2023-05-10 15:55:04,10
Big Tower,2023-05-10 16:00:05,5
Big Tower,2023-05-10 16:05:05,5
Big Tower,2023-05-10 16:10:04,5
Big Tower,2023-05-10 16:15:04,5
Big Tower,2023-05-10 16:20:04,5
Big Tower,2023-05-10 16:25:04,5
Big Tower,2023-05-10 16:30:04,10
Big Tower,2023-05-10 16:35:04,10
Big Tower,2023-05-10 16:40:04,10
Big Tower,2023-05-10 16:45:04,10
Big Tower,2023-05-10 16:50:04,10
Big Tower,2023-05-10 16:55:04,5
Big Tower,2023-05-10 17:00:05,5
Big Tower,2023-05-10 17:05:05,5
Big Tower,2023-05-10 17:10:04,5
Big Tower,2023-05-10 17:15:03,5
Big Tower,2023-05-10 17:20:04,5
Big Tower,2023-05-10 17:25:04,5
Big Tower,2023-05-10 17:30:07,5
Big Tower,2023-05-10 17:35:04,5
Big Tower,2023-05-10 17:40:04,5
Big Tower,2023-05-10 17:45:04,5
Big Tower,2023-05-10 17:50:04,5
Big Tower,2023-05-10 17:55:04,5
Big Tower,2023-05-10 18:00:04,5
Big Tower,2023-05-10 18:05:04,5
Big Tower,2023-05-11 10:30:04,10
Big Tower,2023-05-11 10:35:04,10
Big Tower,2023-05-11 10:40:05,10
Big Tower,2023-05-11 10:45:03,10
Big Tower,2023-05-11 10:50:04,10
Big Tower,2023-05-11 10:55:04,10
Big Tower,2023-05-11 11:00:05,10
Big Tower,2023-05-11 11:05:04,10
Big Tower,2023-05-11 11:10:04,10
Big Tower,2023-05-11 11:20:04,50
Big Tower,2023-05-11 11:25:04,50
Big Tower,2023-05-11 11:30:04,50
Big Tower,2023-05-11 11:35:04,50
Big Tower,2023-05-11 11:40:04,50
Big Tower,2023-05-11 11:45:04,50
Big Tower,2023-05-11 11:50:03,80
Big Tower,2023-05-11 11:55:04,80
Big Tower,2023-05-11 12:00:04,80
Big Tower,2023-05-11 12:05:04,80
Big Tower,2023-05-11 12:10:04,80
Big Tower,2023-05-11 12:15:04,80
Big Tower,2023-05-11 12:20:04,80
Big Tower,2023-05-11 12:25:03,80
Big Tower,2023-05-11 12:30:04,80
Big Tower,2023-05-11 12:35:04,80
Big Tower,2023-05-11 12:40:04,80
Big Tower,2023-05-11 12:45:04,60
Big Tower,2023-05-11 12:50:03,60
Big Tower,2023-05-11 12:55:04,60
Big Tower,2023-05-11 13:00:04,60
Big Tower,2023-05-11 13:05:04,60
Big Tower,2023-05-11 13:10:04,60
Big Tower,2023-05-11 13:15:04,80
Big Tower,2023-05-11 13:20:04,80
Big Tower,2023-05-11 13:25:04,80
Big Tower,2023-05-11 13:30:04,80
Big Tower,2023-05-11 13:35:04,80
Big Tower,2023-05-11 13:40:04,50
Big Tower,2023-05-11 13:45:04,50
Big Tower,2023-05-11 13:50:04,50
Big Tower,2023-05-11 13:55:03,50
Big Tower,2023-05-11 14:00:04,50
Big Tower,2023-05-11 14:05:04,40
Big Tower,2023-05-11 14:10:04,40
Big Tower,2023-05-11 14:15:04,40
Big Tower,2023-05-11 14:20:04,40
Big Tower,2023-05-11 14:25:04,40
Big Tower,2023-05-11 14:30:04,20
Big Tower,2023-05-11 14:35:04,20
Big Tower,2023-05-11 14:40:03,20
Big Tower,2023-05-11 14:45:03,20
Big Tower,2023-05-11 14:50:04,20
Big Tower,2023-05-11 14:55:03,20
Big Tower,2023-05-11 15:00:04,20
Big Tower,2023-05-11 15:05:04,20
Big Tower,2023-05-11 15:10:04,20
Big Tower,2023-05-11 15:15:04,20
Big Tower,2023-05-11 15:20:05,20
Big Tower,2023-05-11 15:25:04,20
Big Tower,2023-05-11 15:30:04,20
Big Tower,2023-05-11 15:35:04,20
Big Tower,2023-05-11 15:40:04,20
Big Tower,2023-05-11 15:45:04,10
Big Tower,2023-05-11 15:50:04,10
Big Tower,2023-05-11 15:55:04,10
Big Tower,2023-05-11 16:00:04,5
Big Tower,2023-05-11 16:05:04,5
Big Tower,2023-05-11 16:10:04,5
Big Tower,2023-05-11 16:15:04,5
Big Tower,2023-05-11 16:20:04,5
Big Tower,2023-05-11 16:25:04,5
Big Tower,2023-05-11 16:30:04,5
Big Tower,2023-05-11 16:35:04,30
Big Tower,2023-05-11 16:40:05,30
Big Tower,2023-05-11 16:45:04,30
Big Tower,2023-05-11 16:50:04,30
Big Tower,2023-05-11 16:55:04,30
Big Tower,2023-05-11 17:00:04,30
Big Tower,2023-05-11 17:05:04,15
Big Tower,2023-05-11 17:10:04,15
Big Tower,2023-05-11 17:15:05,15
Big Tower,2023-05-11 17:20:04,15
Big Tower,2023-05-11 17:25:04,15
Big Tower,2023-05-11 17:30:04,15
Big Tower,2023-05-11 17:35:04,20
Big Tower,2023-05-11 17:40:04,20
Big Tower,2023-05-11 17:45:04,20
Big Tower,2023-05-11 17:50:04,20
Big Tower,2023-05-11 17:55:04,20
Big Tower,2023-05-11 18:00:04,20
Big Tower,2023-05-12 10:30:04,15
Big Tower,2023-05-12 10:35:04,15
Big Tower,2023-05-12 10:40:04,15
Big Tower,2023-05-12 10:45:04,15
Big Tower,2023-05-12 10:50:04,15
Big Tower,2023-05-12 10:55:04,15
Big Tower,2023-05-12 11:00:04,15
Big Tower,2023-05-12 11:05:04,15
Big Tower,2023-05-12 11:10:04,20
Big Tower,2023-05-12 11:15:04,20
Big Tower,2023-05-12 11:20:05,20
Big Tower,2023-05-12 11:25:04,20
Big Tower,2023-05-12 11:30:04,20
Big Tower,2023-05-12 11:35:04,20
Big Tower,2023-05-12 11:40:04,50
Big Tower,2023-05-12 11:45:04,50
Big Tower,2023-05-12 11:50:04,50
Big Tower,2023-05-12 11:55:04,50
Big Tower,2023-05-12 12:00:04,40
Big Tower,2023-05-12 12:05:04,40
Big Tower,2023-05-12 12:10:04,40
Big Tower,2023-05-12 12:15:04,40
Big Tower,2023-05-12 12:20:04,40
Big Tower,2023-05-12 12:25:04,40
Big Tower,2023-05-12 12:30:04,40
Big Tower,2023-05-12 12:35:04,40
Big Tower,2023-05-12 12:40:04,40
Big Tower,2023-05-12 12:45:04,40
Big Tower,2023-05-12 12:50:04,40
Big Tower,2023-05-12 12:55:04,40
Big Tower,2023-05-12 13:00:04,40
Big Tower,2023-05-12 13:05:04,40
Big Tower,2023-05-12 13:10:04,40
Big Tower,2023-05-12 13:15:04,40
Big Tower,2023-05-12 13:20:05,40
Big Tower,2023-05-12 13:25:04,40
Big Tower,2023-05-12 13:30:04,20
Big Tower,2023-05-12 13:35:03,20
Big Tower,2023-05-12 13:40:04,20
Big Tower,2023-05-12 13:45:04,20
Big Tower,2023-05-12 13:50:04,20
Big Tower,2023-05-12 13:55:04,20
Big Tower,2023-05-12 14:00:04,20
Big Tower,2023-05-12 14:05:06,20
Big Tower,2023-05-12 14:10:04,5
Big Tower,2023-05-12 14:15:04,5
Big Tower,2023-05-12 14:20:04,5
Big Tower,2023-05-12 14:25:04,5
Big Tower,2023-05-12 14:30:04,5
Big Tower,2023-05-12 14:35:04,10
Big Tower,2023-05-12 14:40:04,10
Big Tower,2023-05-12 14:45:04,10
Big Tower,2023-05-12 14:50:04,10
Big Tower,2023-05-12 14:55:04,10
Big Tower,2023-05-12 15:00:04,10
Big Tower,2023-05-12 15:05:04,30
Big Tower,2023-05-12 15:10:04,30
Big Tower,2023-05-12 15:15:04,30
Big Tower,2023-05-12 15:20:04,30
Big Tower,2023-05-12 15:25:04,30
Big Tower,2023-05-12 15:30:03,30
Big Tower,2023-05-12 15:35:04,20
Big Tower,2023-05-12 15:40:04,20
Big Tower,2023-05-12 15:45:04,20
Big Tower,2023-05-12 15:50:04,20
Big Tower,2023-05-12 15:55:04,20
Big Tower,2023-05-12 16:00:05,15
Big Tower,2023-05-12 16:05:04,15
Big Tower,2023-05-12 16:10:04,15
Big Tower,2023-05-12 16:15:04,15
Big Tower,2023-05-12 16:20:04,15
Big Tower,2023-05-12 16:25:04,15
Big Tower,2023-05-12 16:30:04,15
Big Tower,2023-05-12 16:35:04,15
Big Tower,2023-05-12 16:40:04,15
Big Tower,2023-05-12 16:45:04,15
Big Tower,2023-05-12 16:50:04,15
Big Tower,2023-05-12 16:55:04,15
Big Tower,2023-05-12 17:00:05,20
Big Tower,2023-05-12 17:05:04,20
Big Tower,2023-05-12 17:10:04,20
Big Tower,2023-05-12 17:15:04,20
Big Tower,2023-05-12 17:20:04,20
Big Tower,2023-05-12 17:25:04,20
Big Tower,2023-05-12 17:30:04,20
Big Tower,2023-05-12 17:35:04,20
Big Tower,2023-05-12 17:40:04,20
Big Tower,2023-05-12 17:45:04,20
Big Tower,2023-05-12 17:50:04,20
Big Tower,2023-05-12 17:55:04,20
Big Tower,2023-05-12 18:00:04,20
Big Tower,2023-05-13 10:25:04,50
Big Tower,2023-05-13 10:30:04,50
Big Tower,2023-05-13 10:35:04,50
Big Tower,2023-05-13 10:40:04,50
Big Tower,2023-05-13 10:45:04,50
Big Tower,2023-05-13 10:50:04,50
Big Tower,2023-05-13 10:55:03,50
Big Tower,2023-05-13 11:00:04,60
Big Tower,2023-05-13 11:05:04,60
Big Tower,2023-05-13 11:10:04,60
Big Tower,2023-05-13 11:15:04,60
Big Tower,2023-05-13 11:20:04,60
Big Tower,2023-05-13 11:25:05,60
Big Tower,2023-05-13 11:30:05,80
Big Tower,2023-05-13 11:35:04,80
Big Tower,2023-05-13 11:40:04,80
Big Tower,2023-05-13 11:45:04,80
Big Tower,2023-05-13 11:50:04,80
Big Tower,2023-05-13 11:55:04,80
Big Tower,2023-05-13 12:00:04,90
Big Tower,2023-05-13 12:05:05,90
Big Tower,2023-05-13 12:10:04,90
Big Tower,2023-05-13 12:15:04,90
Big Tower,2023-05-13 12:20:04,90
Big Tower,2023-05-13 12:25:04,90
Big Tower,2023-05-13 12:30:04,90
Big Tower,2023-05-13 12:35:04,120
Big Tower,2023-05-13 12:40:04,120
Big Tower,2023-05-13 12:45:04,120
Big Tower,2023-05-13 12:50:04,120
Big Tower,2023-05-13 12:55:04,120
Big Tower,2023-05-13 13:00:04,90
Big Tower,2023-05-13 13:05:04,90
Big Tower,2023-05-13 13:10:04,90
Big Tower,2023-05-13 13:15:04,90
Big Tower,2023-05-13 13:20:04,90
Big Tower,2023-05-13 13:25:04,90
Big Tower,2023-05-13 13:30:04,60
Big Tower,2023-05-13 13:35:04,60
Big Tower,2023-05-13 13:40:04,60
Big Tower,2023-05-13 13:45:04,60
Big Tower,2023-05-13 13:50:04,60
Big Tower,2023-05-13 13:55:03,50
Big Tower,2023-05-13 14:00:07,50
Big Tower,2023-05-13 14:05:04,50
Big Tower,2023-05-13 14:10:04,50
Big Tower,2023-05-13 14:15:04,50
Big Tower,2023-05-13 14:20:04,50
Big Tower,2023-05-13 14:25:04,50
Big Tower,2023-05-13 14:30:04,50
Big Tower,2023-05-13 14:35:04,50
Big Tower,2023-05-13 14:40:04,50
Big Tower,2023-05-13 14:45:04,50
Big Tower,2023-05-13 14:50:05,50
Big Tower,2023-05-13 14:55:05,50
Big Tower,2023-05-13 15:00:05,50
Big Tower,2023-05-13 15:05:04,50
Big Tower,2023-05-13 15:10:04,50
Big Tower,2023-05-13 15:15:04,50
Big Tower,2023-05-13 15:20:04,50
Big Tower,2023-05-13 15:25:04,50
Big Tower,2023-05-13 15:30:04,50
Big Tower,2023-05-13 15:35:04,50
Big Tower,2023-05-13 15:40:04,50
Big Tower,2023-05-13 15:45:04,50
Big Tower,2023-05-13 15:50:04,50
Big Tower,2023-05-13 15:55:04,50
Big Tower,2023-05-13 16:00:04,40
Big Tower,2023-05-13 16:05:04,40
Big Tower,2023-05-13 16:10:04,40
Big Tower,2023-05-13 16:15:04,40
Big Tower,2023-05-13 16:20:04,40
Big Tower,2023-05-13 16:25:04,40
Big Tower,2023-05-13 16:30:04,40
Big Tower,2023-05-13 16:35:04,40
Big Tower,2023-05-13 16:40:04,40
Big Tower,2023-05-13 16:45:03,40
Big Tower,2023-05-13 16:50:05,40
Big Tower,2023-05-13 16:55:03,40
Big Tower,2023-05-13 17:00:04,40
Big Tower,2023-05-13 17:05:04,40
Big Tower,2023-05-13 17:10:05,50
Big Tower,2023-05-13 17:15:05,50
Big Tower,2023-05-13 17:20:05,50
Big Tower,2023-05-13 17:25:04,50
Big Tower,2023-05-13 17:30:04,30
Big Tower,2023-05-13 17:35:03,30
Big Tower,2023-05-13 17:40:04,30
Big Tower,2023-05-13 17:45:05,30
Big Tower,2023-05-13 17:50:04,30
Big Tower,2023-05-13 17:55:04,30
Big Tower,2023-05-13 18:00:04,30
Big Tower,2023-05-13 18:05:04,30
Big Tower,2023-05-13 18:10:04,30
Big Tower,2023-05-13 18:15:04,30
Big Tower,2023-05-13 18:20:04,30
Big Tower,2023-05-13 18:25:04,30
Big Tower,2023-05-13 18:30:05,30
Big Tower,2023-05-14 10:40:04,40
Big Tower,2023-05-14 10:45:04,40
Big Tower,2023-05-14 10:50:03,40
Big Tower,2023-05-14 10:55:03,40
Big Tower,2023-05-14 11:00:04,40
Big Tower,2023-05-14 11:05:04,40
Big Tower,2023-05-14 11:10:04,40
Big Tower,2023-05-14 11:15:04,40
Big Tower,2023-05-14 11:20:03,40
Big Tower,2023-05-14 11:25:03,40
Big Tower,2023-05-14 11:30:04,40
Big Tower,2023-05-14 11:35:04,40
Big Tower,2023-05-14 11:40:04,40
Big Tower,2023-05-14 11:45:04,40
Big Tower,2023-05-14 11:50:04,50
Big Tower,2023-05-14 11:55:04,50
Big Tower,2023-05-14 12:00:04,50
Big Tower,2023-05-14 12:05:04,50
Big Tower,2023-05-14 12:10:04,55
Big Tower,2023-05-14 12:15:04,55
Big Tower,2023-05-14 12:20:04,55
Big Tower,2023-05-14 12:25:04,55
Big Tower,2023-05-14 12:30:04,55
Big Tower,2023-05-14 12:35:04,55
Big Tower,2023-05-14 12:40:04,40
Big Tower,2023-05-14 12:45:04,40
Big Tower,2023-05-14 12:50:04,40
Big Tower,2023-05-14 12:55:04,40
Big Tower,2023-05-14 13:00:05,50
Big Tower,2023-05-14 13:05:04,50
Big Tower,2023-05-14 13:10:04,50
Big Tower,2023-05-14 13:15:04,50
Big Tower,2023-05-14 13:20:04,50
Big Tower,2023-05-14 13:25:04,50
Big Tower,2023-05-14 13:30:04,50
Big Tower,2023-05-14 13:35:04,50
Big Tower,2023-05-14 13:40:04,30
Big Tower,2023-05-14 13:45:04,30
Big Tower,2023-05-14 13:50:04,30
Big Tower,2023-05-14 13:55:04,30
Big Tower,2023-05-14 14:00:04,30
Big Tower,2023-05-14 14:05:04,30
Big Tower,2023-05-14 14:10:03,30
Big Tower,2023-05-14 14:15:04,30
Big Tower,2023-05-14 14:20:04,30
Big Tower,2023-05-14 14:25:04,30
Big Tower,2023-05-14 14:30:04,30
Big Tower,2023-05-14 14:35:04,50
Big Tower,2023-05-14 14:40:04,50
Big Tower,2023-05-14 14:45:04,50
Big Tower,2023-05-14 14:50:04,50
Big Tower,2023-05-14 14:55:04,50
Big Tower,2023-05-14 15:00:04,30
Big Tower,2023-05-14 15:05:04,30
Big Tower,2023-05-14 15:10:04,30
Big Tower,2023-05-14 15:15:04,30
Big Tower,2023-05-14 15:20:04,30
Big Tower,2023-05-14 15:25:04,30
Big Tower,2023-05-14 15:30:04,30
Big Tower,2023-05-14 15:35:04,30
Big Tower,2023-05-14 15:40:05,30
Big Tower,2023-05-14 15:45:04,30
Big Tower,2023-05-14 15:50:03,30
Big Tower,2023-05-14 15:55:03,30
Big Tower,2023-05-14 16:00:05,30
Big Tower,2023-05-14 16:05:04,30
Big Tower,2023-05-14 16:10:04,30
Big Tower,2023-05-14 16:15:05,30
Big Tower,2023-05-14 16:20:04,30
Big Tower,2023-05-14 16:25:04,30
Big Tower,2023-05-14 16:30:04,30
Big Tower,2023-05-14 16:35:04,20
Big Tower,2023-05-14 16:40:04,20
Big Tower,2023-05-14 16:45:04,20
Big Tower,2023-05-14 16:50:05,20
Big Tower,2023-05-14 16:55:04,20
Big Tower,2023-05-14 17:00:03,20
Big Tower,2023-05-14 17:05:05,20
Big Tower,2023-05-14 17:10:05,20
Big Tower,2023-05-14 17:15:04,20
Big Tower,2023-05-14 17:20:05,20
Big Tower,2023-05-14 17:25:04,20
Big Tower,2023-05-14 17:30:03,20
Big Tower,2023-05-14 17:35:05,20
Big Tower,2023-05-14 17:40:03,5
Big Tower,2023-05-14 17:45:03,5
Big Tower,2023-05-14 17:50:04,5
Big Tower,2023-05-14 17:55:03,5
Big Tower,2023-05-14 18:00:04,5
Big Tower,2023-05-18 10:45:04,40
Big Tower,2023-05-18 10:50:04,40
Big Tower,2023-05-18 10:55:04,40
Big Tower,2023-05-18 11:00:03,40
Big Tower,2023-05-18 11:05:05,40
Big Tower,2023-05-18 11:10:04,90
Big Tower,2023-05-18 11:15:03,90
Big Tower,2023-05-18 11:20:03,90
Big Tower,2023-05-18 11:25:04,90
Big Tower,2023-05-18 11:30:04,90
Big Tower,2023-05-18 11:35:05,90
Big Tower,2023-05-18 11:40:04,90
Big Tower,2023-05-18 11:45:04,90
Big Tower,2023-05-18 11:50:04,90
Big Tower,2023-05-18 11:55:03,90
Big Tower,2023-05-18 12:00:04,90
Big Tower,2023-05-18 12:05:05,90
Big Tower,2023-05-18 12:10:04,90
Big Tower,2023-05-18 12:15:05,90
Big Tower,2023-05-18 12:20:04,90
Big Tower,2023-05-18 12:25:03,90
Big Tower,2023-05-18 12:30:04,90
Big Tower,2023-05-18 12:35:04,90
Big Tower,2023-05-18 12:40:05,90
Big Tower,2023-05-18 12:45:04,90
Big Tower,2023-05-18 12:50:05,90
Big Tower,2023-05-18 12:55:03,90
Big Tower,2023-05-18 13:00:05,90
Big Tower,2023-05-18 13:05:04,90
Big Tower,2023-05-18 13:10:05,90
Big Tower,2023-05-18 13:15:04,60
Big Tower,2023-05-18 13:20:06,60
Big Tower,2023-05-18 13:25:04,60
Big Tower,2023-05-18 13:30:05,60
Big Tower,2023-05-18 13:35:04,60
Big Tower,2023-05-18 13:40:04,60
Big Tower,2023-05-18 13:45:05,50
Big Tower,2023-05-18 13:50:04,50
Big Tower,2023-05-18 13:55:04,50
Big Tower,2023-05-18 14:00:04,60
Big Tower,2023-05-18 14:05:04,60
Big Tower,2023-05-18 14:10:05,60
Big Tower,2023-05-18 14:15:04,60
Big Tower,2023-05-18 14:20:04,60
Big Tower,2023-05-18 14:25:04,60
Big Tower,2023-05-18 14:30:05,60
Big Tower,2023-05-18 14:35:04,60
Big Tower,2023-05-18 14:40:05,40
Big Tower,2023-05-18 14:45:04,40
Big Tower,2023-05-18 14:50:04,40
Big Tower,2023-05-18 14:55:04,40
Big Tower,2023-05-18 15:00:05,40
Big Tower,2023-05-18 15:05:04,60
Big Tower,2023-05-18 15:10:04,60
Big Tower,2023-05-18 15:15:04,60
Big Tower,2023-05-18 15:20:04,60
Big Tower,2023-05-18 15:25:04,60
Big Tower,2023-05-18 15:30:04,60
Big Tower,2023-05-18 15:35:04,30
Big Tower,2023-05-18 15:40:05,30
Big Tower,2023-05-18 15:45:05,30
Big Tower,2023-05-18 15:50:05,30
Big Tower,2023-05-18 15:55:03,30
Big Tower,2023-05-18 16:00:03,30
Big Tower,2023-05-18 16:05:04,20
Big Tower,2023-05-18 16:10:04,20
Big Tower,2023-05-18 16:15:04,20
Big Tower,2023-05-18 16:20:04,20
Big Tower,2023-05-18 16:25:04,20
Big Tower,2023-05-18 16:30:04,30
Big Tower,2023-05-18 16:35:05,30
Big Tower,2023-05-18 16:40:04,30
Big Tower,2023-05-18 16:45:04,30
Big Tower,2023-05-18 16:50:04,30
Big Tower,2023-05-18 16:55:04,30
Big Tower,2023-05-18 17:00:05,30
Big Tower,2023-05-18 17:05:04,20
Big Tower,2023-05-18 17:10:05,20
Big Tower,2023-05-18 17:15:04,20
Big Tower,2023-05-18 17:20:05,20
Big Tower,2023-05-18 17:25:05,20
Big Tower,2023-05-18 17:30:03,5
Big Tower,2023-05-18 17:35:04,5
Big Tower,2023-05-18 17:40:04,5
Big Tower,2023-05-18 17:45:04,5
Big Tower,2023-05-18 17:50:03,5
Big Tower,2023-05-18 17:55:03,5
Big Tower,2023-05-18 18:00:05,5
Big Tower,2023-05-18 18:05:05,5
Big Tower,2023-05-18 18:10:04,5
Big Tower,2023-05-18 18:15:04,5
Big Tower,2023-05-18 18:20:04,5
Big Tower,2023-05-19 10:45:04,60
Big Tower,2023-05-19 10:50:04,60
Big Tower,2023-05-19 10:55:04,60
Big Tower,2023-05-19 11:00:04,60
Big Tower,2023-05-19 11:05:05,60
Big Tower,2023-05-19 11:10:03,60
Big Tower,2023-05-19 11:15:04,60
Big Tower,2023-05-19 11:20:05,60
Big Tower,2023-05-19 11:25:04,60
Big Tower,2023-05-19 11:30:04,60
Big Tower,2023-05-19 11:35:04,60
Big Tower,2023-05-19 11:40:03,60
Big Tower,2023-05-19 11:45:04,60
Big Tower,2023-05-19 11:50:04,60
Big Tower,2023-05-19 11:55:04,60
Big Tower,2023-05-19 12:00:04,60
Big Tower,2023-05-19 12:05:04,50
Big Tower,2023-05-19 12:10:05,50
Big Tower,2023-05-19 12:15:05,50
Big Tower,2023-05-19 12:20:05,50
Big Tower,2023-05-19 12:25:04,50
Big Tower,2023-05-19 12:30:05,50
Big Tower,2023-05-19 12:35:04,50
Big Tower,2023-05-19 12:40:04,40
Big Tower,2023-05-19 12:45:04,40
Big Tower,2023-05-19 12:50:05,40
Big Tower,2023-05-19 12:55:03,40
Big Tower,2023-05-19 13:00:05,40
Big Tower,2023-05-19 13:05:04,40
Big Tower,2023-05-19 13:10:04,50
Big Tower,2023-05-19 13:15:05,50
Big Tower,2023-05-19 13:20:05,50
Big Tower,2023-05-19 13:25:04,50
Big Tower,2023-05-19 13:30:04,50
Big Tower,2023-05-19 13:35:06,50
Big Tower,2023-05-19 13:40:05,50
Big Tower,2023-05-19 13:45:04,50
Big Tower,2023-05-19 13:50:04,50
Big Tower,2023-05-19 13:55:04,50
Big Tower,2023-05-19 14:00:05,50
Big Tower,2023-05-19 14:05:05,50
Big Tower,2023-05-19 14:10:04,20
Big Tower,2023-05-19 14:15:04,20
Big Tower,2023-05-19 14:20:03,20
Big Tower,2023-05-19 14:25:05,20
Big Tower,2023-05-19 14:30:05,20
Big Tower,2023-05-19 14:35:04,20
Big Tower,2023-05-19 14:40:05,30
Big Tower,2023-05-19 14:45:04,30
Big Tower,2023-05-19 14:50:04,30
Big Tower,2023-05-19 14:55:04,30
Big Tower,2023-05-19 15:00:05,30
Big Tower,2023-05-19 15:05:04,20
Big Tower,2023-05-19 15:10:04,20
Big Tower,2023-05-19 15:15:03,20
Big Tower,2023-05-19 15:20:04,20
Big Tower,2023-05-19 15:25:04,20
Big Tower,2023-05-19 15:30:03,20
Big Tower,2023-05-19 15:35:04,20
Big Tower,2023-05-19 15:40:04,20
Big Tower,2023-05-19 15:45:03,20
Big Tower,2023-05-19 15:50:04,20
Big Tower,2023-05-19 15:55:04,20
Big Tower,2023-05-19 16:00:04,20
Big Tower,2023-05-19 16:05:04,15
Big Tower,2023-05-19 16:10:04,15
Big Tower,2023-05-19 16:15:04,15
Big Tower,2023-05-19 16:20:04,15
Big Tower,2023-05-19 16:25:04,15
Big Tower,2023-05-19 16:30:04,15
Big Tower,2023-05-19 16:35:04,15
Big Tower,2023-05-19 16:40:04,20
Big Tower,2023-05-19 16:45:04,20
Big Tower,2023-05-19 16:50:05,20
Big Tower,2023-05-19 16:55:04,20
Big Tower,2023-05-19 17:00:05,20
Big Tower,2023-05-19 17:05:05,20
Big Tower,2023-05-19 17:10:05,20
Big Tower,2023-05-19 17:15:04,20
Big Tower,2023-05-19 17:20:04,20
Big Tower,2023-05-19 17:25:05,20
Big Tower,2023-05-19 17:30:04,20
Big Tower,2023-05-19 17:35:04,20
Big Tower,2023-05-19 17:40:04,10
Big Tower,2023-05-19 17:45:04,10
Big Tower,2023-05-19 17:50:03,10
Big Tower,2023-05-19 17:55:04,10
Big Tower,2023-05-19 18:00:04,10
Big Tower,2023-05-19 18:05:04,10
Big Tower,2023-05-19 18:10:04,10
Big Tower,2023-05-20 10:30:04,120
Big Tower,2023-05-20 10:35:03,120
Big Tower,2023-05-20 10:40:05,120
Big Tower,2023-05-20 10:45:04,120
Big Tower,2023-05-20 10:50:04,120
Big Tower,2023-05-20 10:55:04,180
Big Tower,2023-05-20 11:00:05,180
Big Tower,2023-05-20 11:05:04,180
Big Tower,2023-05-20 11:10:04,180
Big Tower,2023-05-20 11:15:04,180
Big Tower,2023-05-20 11:20:05,180
Big Tower,2023-05-20 11:25:04,180
Big Tower,2023-05-20 11:30:04,180
Big Tower,2023-05-20 11:35:05,180
Big Tower,2023-05-20 11:40:03,180
Big Tower,2023-05-20 11:45:04,180
Big Tower,2023-05-20 11:50:04,180
Big Tower,2023-05-20 11:55:03,180
Big Tower,2023-05-20 12:00:04,180
Big Tower,2023-05-20 12:05:04,180
Big Tower,2023-05-20 12:10:04,180
Big Tower,2023-05-20 12:15:04,180
Big Tower,2023-05-20 12:20:04,180
Big Tower,2023-05-20 12:25:04,180
Big Tower,2023-05-20 12:30:03,180
Big Tower,2023-05-20 12:35:04,180
Big Tower,2023-05-20 12:40:04,180
Big Tower,2023-05-20 12:45:04,180
Big Tower,2023-05-20 12:50:03,180
Big Tower,2023-05-20 12:55:04,180
Big Tower,2023-05-20 13:00:04,180
Big Tower,2023-05-20 13:05:04,180
Big Tower,2023-05-20 13:10:04,180
Big Tower,2023-05-20 13:15:03,180
Big Tower,2023-05-20 13:20:03,180
Big Tower,2023-05-20 13:25:04,180
Big Tower,2023-05-20 13:30:04,150
Big Tower,2023-05-20 13:35:04,150
Big Tower,2023-05-20 13:40:05,150
Big Tower,2023-05-20 13:45:04,150
Big Tower,2023-05-20 13:50:05,150
Big Tower,2023-05-20 13:55:04,150
Big Tower,2023-05-20 14:00:03,150
Big Tower,2023-05-20 14:05:03,150
Big Tower,2023-05-20 14:10:04,150
Big Tower,2023-05-20 14:15:04,150
Big Tower,2023-05-20 14:20:05,150
Big Tower,2023-05-20 14:25:05,150
Big Tower,2023-05-20 14:30:04,150
Big Tower,2023-05-20 14:35:03,150
Big Tower,2023-05-20 14:40:04,150
Big Tower,2023-05-20 14:45:04,150
Big Tower,2023-05-20 14:50:04,150
Big Tower,2023-05-20 14:55:03,150
Big Tower,2023-05-20 15:00:04,150
Big Tower,2023-05-20 15:05:04,150
Big Tower,2023-05-20 15:10:04,150
Big Tower,2023-05-20 15:15:04,150
Big Tower,2023-05-20 15:20:04,150
Big Tower,2023-05-20 15:25:04,150
Big Tower,2023-05-20 15:30:04,150
Big Tower,2023-05-20 15:35:04,150
Big Tower,2023-05-20 15:40:05,150
Big Tower,2023-05-20 15:45:05,150
Big Tower,2023-05-20 15:50:04,150
Big Tower,2023-05-20 15:55:04,150
Big Tower,2023-05-20 16:00:04,120
Big Tower,2023-05-20 16:05:04,120
Big Tower,2023-05-20 16:10:04,120
Big Tower,2023-05-20 16:15:04,120
Big Tower,2023-05-20 16:20:03,120
Big Tower,2023-05-20 16:25:05,120
Big Tower,2023-05-20 16:30:04,180
Big Tower,2023-05-20 16:35:04,180
Big Tower,2023-05-20 16:40:04,180
Big Tower,2023-05-20 16:45:03,180
Big Tower,2023-05-20 16:50:04,180
Big Tower,2023-05-20 16:55:04,150
Big Tower,2023-05-20 17:00:05,150
Big Tower,2023-05-20 17:05:04,150
Big Tower,2023-05-20 17:10:05,150
Big Tower,2023-05-20 17:15:04,150
Big Tower,2023-05-20 17:20:05,150
Big Tower,2023-05-20 17:25:04,150
Big Tower,2023-05-20 17:30:04,150
Big Tower,2023-05-21 10:35:04,80
Big Tower,2023-05-21 10:40:04,80
Big Tower,2023-05-21 10:45:04,80
Big Tower,2023-05-21 10:50:04,80
Big Tower,2023-05-21 10:55:03,80
Big Tower,2023-05-21 11:00:04,80
Big Tower,2023-05-21 11:05:04,80
Big Tower,2023-05-21 11:10:04,80
Big Tower,2023-05-21 11:15:04,80
Big Tower,2023-05-21 11:20:04,80
Big Tower,2023-05-21 11:25:05,80
Big Tower,2023-05-21 11:30:04,80
Big Tower,2023-05-21 11:35:04,80
Big Tower,2023-05-21 11:40:04,90
Big Tower,2023-05-21 11:45:03,90
Big Tower,2023-05-21 11:50:04,90
Big Tower,2023-05-21 11:55:04,90
Big Tower,2023-05-21 12:00:04,90
Big Tower,2023-05-21 12:05:04,100
Big Tower,2023-05-21 12:10:04,100
Big Tower,2023-05-21 12:15:04,100
Big Tower,2023-05-21 12:20:04,100
Big Tower,2023-05-21 12:25:04,100
Big Tower,2023-05-21 12:30:05,100
Big Tower,2023-05-21 12:35:05,100
Big Tower,2023-05-21 12:40:05,100
Big Tower,2023-05-21 12:45:04,100
Big Tower,2023-05-21 12:50:05,100
Big Tower,2023-05-21 12:55:04,100
Big Tower,2023-05-21 13:00:04,100
Big Tower,2023-05-21 13:05:05,100
Big Tower,2023-05-21 13:10:04,100
Big Tower,2023-05-21 13:15:04,100
Big Tower,2023-05-21 13:20:05,100
Big Tower,2023-05-21 13:25:04,100
Big Tower,2023-05-21 13:30:05,100
Big Tower,2023-05-21 13:35:04,100
Big Tower,2023-05-21 13:40:05,100
Big Tower,2023-05-21 13:45:04,100
Big Tower,2023-05-21 13:50:05,100
Big Tower,2023-05-21 13:55:03,100
Big Tower,2023-05-21 14:00:04,100
Big Tower,2023-05-21 14:05:04,100
Big Tower,2023-05-21 14:10:04,100
Big Tower,2023-05-21 14:15:03,100
Big Tower,2023-05-21 14:20:05,90
Big Tower,2023-05-21 14:25:04,90
Big Tower,2023-05-21 14:30:04,90
Big Tower,2023-05-21 14:35:03,120
Big Tower,2023-05-21 14:40:04,120
Big Tower,2023-05-21 14:45:04,120
Big Tower,2023-05-21 14:50:04,120
Big Tower,2023-05-21 14:55:03,120
Big Tower,2023-05-21 15:00:05,120
Big Tower,2023-05-21 15:05:04,120
Big Tower,2023-05-21 15:10:06,120
Big Tower,2023-05-21 15:15:04,120
Big Tower,2023-05-21 15:20:04,120
Big Tower,2023-05-21 15:25:04,120
Big Tower,2023-05-21 15:30:05,120
Big Tower,2023-05-21 15:35:04,90
Big Tower,2023-05-21 15:40:04,90
Big Tower,2023-05-21 15:45:04,90
Big Tower,2023-05-21 15:50:03,90
Big Tower,2023-05-21 15:55:04,90
Big Tower,2023-05-21 16:00:05,90
Big Tower,2023-05-21 16:05:04,75
Big Tower,2023-05-21 16:10:04,75
Big Tower,2023-05-21 16:15:04,75
Big Tower,2023-05-21 16:20:04,75
Big Tower,2023-05-21 16:25:04,75
Big Tower,2023-05-21 16:30:04,75
Big Tower,2023-05-21 16:35:04,75
Big Tower,2023-05-21 16:40:04,75
Big Tower,2023-05-21 16:45:02,80
Big Tower,2023-05-21 16:50:04,80
Big Tower,2023-05-21 16:55:03,80
Big Tower,2023-05-21 17:00:04,80
Big Tower,2023-05-21 17:05:04,80
Big Tower,2023-05-21 17:10:05,80
Big Tower,2023-05-21 17:15:04,60
Big Tower,2023-05-21 17:20:04,60
Big Tower,2023-05-21 17:25:04,60
Big Tower,2023-05-21 17:30:04,60
Big Tower,2023-05-21 17:35:05,60
Big Tower,2023-05-21 17:40:03,60
Big Tower,2023-05-21 17:45:04,60
Big Tower,2023-05-21 17:50:04,60
Big Tower,2023-05-21 17:55:05,60
Big Tower,2023-05-21 18:00:05,60
Big Tower,2023-05-25 10:45:03,20
Big Tower,2023-05-25 10:50:04,20
Big Tower,2023-05-25 10:55:04,20
Big Tower,2023-05-25 11:00:04,20
Big Tower,2023-05-25 11:05:04,30
Big Tower,2023-05-25 11:10:04,30
Big Tower,2023-05-25 11:15:04,30
Big Tower,2023-05-25 11:20:04,30
Big Tower,2023-05-25 11:25:04,30
Big Tower,2023-05-25 11:30:04,30
Big Tower,2023-05-25 11:35:04,30
Big Tower,2023-05-25 11:40:04,30
Big Tower,2023-05-25 11:45:04,30
Big Tower,2023-05-25 11:50:04,30
Big Tower,2023-05-25 11:55:03,30
Big Tower,2023-05-25 12:00:05,30
Big Tower,2023-05-25 12:05:05,30
Big Tower,2023-05-25 12:10:05,30
Big Tower,2023-05-25 12:15:04,30
Big Tower,2023-05-25 12:20:04,30
Big Tower,2023-05-25 12:25:06,30
Big Tower,2023-05-25 12:30:05,30
Big Tower,2023-05-25 12:35:04,30
Big Tower,2023-05-25 12:40:06,30
Big Tower,2023-05-25 12:45:04,30
Big Tower,2023-05-25 12:50:04,30
Big Tower,2023-05-25 12:55:04,30
Big Tower,2023-05-25 13:00:04,30
Big Tower,2023-05-25 13:05:05,50
Big Tower,2023-05-25 13:10:05,50
Big Tower,2023-05-25 13:15:04,50
Big Tower,2023-05-25 13:20:05,50
Big Tower,2023-05-25 13:25:04,50
Big Tower,2023-05-25 13:30:05,50
Big Tower,2023-05-25 13:35:04,50
Big Tower,2023-05-25 13:40:05,50
Big Tower,2023-05-25 13:45:03,50
Big Tower,2023-05-25 13:50:05,50
Big Tower,2023-05-25 13:55:04,50
Big Tower,2023-05-25 14:00:04,50
Big Tower,2023-05-25 14:05:04,20
Big Tower,2023-05-25 14:10:04,20
Big Tower,2023-05-25 14:15:04,20
Big Tower,2023-05-25 14:20:04,20
Big Tower,2023-05-25 14:25:04,20
Big Tower,2023-05-25 14:30:04,20
Big Tower,2023-05-25 14:35:03,20
Big Tower,2023-05-25 14:40:04,20
Big Tower,2023-05-25 14:45:03,20
Big Tower,2023-05-25 14:50:05,20
Big Tower,2023-05-25 14:55:04,20
Big Tower,2023-05-25 15:00:05,20
Big Tower,2023-05-25 15:05:05,20
Big Tower,2023-05-25 15:10:04,20
Big Tower,2023-05-25 15:15:04,20
Big Tower,2023-05-25 15:20:04,20
Big Tower,2023-05-25 15:25:03,20
Big Tower,2023-05-25 15:30:05,20
Big Tower,2023-05-25 15:35:04,30
Big Tower,2023-05-25 15:40:05,30
Big Tower,2023-05-25 15:45:04,30
Big Tower,2023-05-25 15:50:05,30
Big Tower,2023-05-25 15:55:04,30
Big Tower,2023-05-25 16:00:05,30
Big Tower,2023-05-25 16:05:03,30
Big Tower,2023-05-25 16:10:05,30
Big Tower,2023-05-25 16:15:04,30
Big Tower,2023-05-25 16:20:04,30
Big Tower,2023-05-25 16:25:05,30
Big Tower,2023-05-25 16:30:05,30
Big Tower,2023-05-25 16:35:05,30
Big Tower,2023-05-25 16:40:04,30
Big Tower,2023-05-25 16:45:05,30
Big Tower,2023-05-25 16:50:05,30
Big Tower,2023-05-25 16:55:04,30
Big Tower,2023-05-25 17:00:04,10
Big Tower,2023-05-25 17:05:04,10
Big Tower,2023-05-25 17:10:05,10
Big Tower,2023-05-25 17:15:05,10
Big Tower,2023-05-25 17:20:04,10
Big Tower,2023-05-25 17:25:04,10
Big Tower,2023-05-25 17:30:04,10
Big Tower,2023-05-25 17:35:05,10
Big Tower,2023-05-25 17:40:05,10
Big Tower,2023-05-25 17:45:05,10
Big Tower,2023-05-25 17:50:04,10
Big Tower,2023-05-25 17:55:03,10
Big Tower,2023-05-25 18:00:05,10
Big Tower,2023-05-25 18:05:05,10
Big Tower,2023-05-26 10:35:04,50
Big Tower,2023-05-26 10:40:04,50
Big Tower,2023-05-26 10:45:05,50
Big Tower,2023-05-26 10:50:04,50
Big Tower,2023-05-26 10:55:04,50
Big Tower,2023-05-26 11:00:04,50
Big Tower,2023-05-26 11:05:05,50
Big Tower,2023-05-26 11:10:04,50
Big Tower,2023-05-26 11:15:04,50
Big Tower,2023-05-26 11:20:04,50
Big Tower,2023-05-26 11:25:04,50
Big Tower,2023-05-26 11:30:04,50
Big Tower,2023-05-26 11:35:05,80
Big Tower,2023-05-26 11:40:05,80
Big Tower,2023-05-26 11:45:04,80
Big Tower,2023-05-26 11:50:04,80
Big Tower,2023-05-26 11:55:03,80
Big Tower,2023-05-26 12:00:04,80
Big Tower,2023-05-26 12:05:04,80
Big Tower,2023-05-26 12:10:04,80
Big Tower,2023-05-26 12:15:03,80
Big Tower,2023-05-26 12:20:04,80
Big Tower,2023-05-26 12:25:04,80
Big Tower,2023-05-26 12:30:04,80
Big Tower,2023-05-26 12:35:04,40
Big Tower,2023-05-26 12:40:04,40
Big Tower,2023-05-26 12:45:04,40
Big Tower,2023-05-26 12:50:04,40
Big Tower,2023-05-26 12:55:05,40
Big Tower,2023-05-26 13:00:05,40
Big Tower,2023-05-26 13:05:05,40
Big Tower,2023-05-26 13:10:05,30
Big Tower,2023-05-26 13:15:04,30
Big Tower,2023-05-26 13:20:03,30
Big Tower,2023-05-26 13:25:04,30
Big Tower,2023-05-26 13:30:05,30
Big Tower,2023-05-26 13:35:04,30
Big Tower,2023-05-26 13:40:05,30
Big Tower,2023-05-26 13:45:04,30
Big Tower,2023-05-26 13:50:04,30
Big Tower,2023-05-26 13:55:04,30
Big Tower,2023-05-26 14:00:03,30
Big Tower,2023-05-26 14:05:05,30
Big Tower,2023-05-26 14:10:03,30
Big Tower,2023-05-26 14:15:04,30
Big Tower,2023-05-26 14:20:05,30
Big Tower,2023-05-26 14:25:04,30
Big Tower,2023-05-26 14:30:03,30
Big Tower,2023-05-26 14:35:04,30
Big Tower,2023-05-26 14:40:04,30
Big Tower,2023-05-26 14:45:05,30
Big Tower,2023-05-26 14:50:04,30
Big Tower,2023-05-26 14:55:05,30
Big Tower,2023-05-26 15:00:05,30
Big Tower,2023-05-26 15:05:05,20
Big Tower,2023-05-26 15:10:04,20
Big Tower,2023-05-26 15:15:05,20
Big Tower,2023-05-26 15:20:05,20
Big Tower,2023-05-26 15:25:04,20
Big Tower,2023-05-26 15:30:05,30
Big Tower,2023-05-26 15:35:03,30
Big Tower,2023-05-26 15:40:04,30
Big Tower,2023-05-26 15:45:04,30
Big Tower,2023-05-26 15:50:05,30
Big Tower,2023-05-26 15:55:03,30
Big Tower,2023-05-26 16:00:05,30
Big Tower,2023-05-26 16:05:04,30
Big Tower,2023-05-26 16:10:04,30
Big Tower,2023-05-26 16:15:04,30
Big Tower,2023-05-26 16:20:05,30
Big Tower,2023-05-26 16:25:05,30
Big Tower,2023-05-26 16:30:04,30
Big Tower,2023-05-26 16:35:05,30
Big Tower,2023-05-26 16:40:04,30
Big Tower,2023-05-26 16:45:05,30
Big Tower,2023-05-26 16:50:03,30
Big Tower,2023-05-26 16:55:04,30
Big Tower,2023-05-26 17:00:04,30
Big Tower,2023-05-26 17:05:05,30
Big Tower,2023-05-26 17:10:05,30
Big Tower,2023-05-26 17:15:05,30
Big Tower,2023-05-26 17:20:03,30
Big Tower,2023-05-26 17:25:04,30
Big Tower,2023-05-26 17:30:05,30
Big Tower,2023-05-26 17:35:04,30
Big Tower,2023-05-26 17:40:03,20
Big Tower,2023-05-26 17:45:04,20
Big Tower,2023-05-26 17:50:04,20
Big Tower,2023-05-26 17:55:05,20
Big Tower,2023-05-26 18:00:03,20
Big Tower,2023-05-26 18:05:04,20
Big Tower,2023-05-26 18:10:05,20
Big Tower,2023-05-26 18:15:04,20
Big Tower,2023-05-27 10:40:04,120
Big Tower,2023-05-27 10:45:04,120
Big Tower,2023-05-27 10:50:04,120
Big Tower,2023-05-27 10:55:04,120
Big Tower,2023-05-27 11:00:04,120
Big Tower,2023-05-27 11:05:04,120
Big Tower,2023-05-27 11:10:04,150
Big Tower,2023-05-27 11:15:05,150
Big Tower,2023-05-27 11:20:04,150
Big Tower,2023-05-27 11:25:04,150
Big Tower,2023-05-27 11:30:05,150
Big Tower,2023-05-27 11:35:04,150
Big Tower,2023-05-27 11:40:02,180
Big Tower,2023-05-27 11:45:04,180
Big Tower,2023-05-27 11:50:04,180
Big Tower,2023-05-27 11:55:04,180
Big Tower,2023-05-27 12:00:04,180
Big Tower,2023-05-27 12:05:04,180
Big Tower,2023-05-27 12:10:04,180
Big Tower,2023-05-27 12:15:04,180
Big Tower,2023-05-27 12:20:05,180
Big Tower,2023-05-27 12:25:04,180
Big Tower,2023-05-27 12:30:04,180
Big Tower,2023-05-27 12:35:04,180
Big Tower,2023-05-27 12:40:04,180
Big Tower,2023-05-27 12:45:04,180
Big Tower,2023-05-27 12:50:04,180
Big Tower,2023-05-27 12:55:04,180
Big Tower,2023-05-27 13:00:04,180
Big Tower,2023-05-27 13:05:05,180
Big Tower,2023-05-27 13:10:04,180
Big Tower,2023-05-27 13:15:04,180
Big Tower,2023-05-27 13:20:04,180
Big Tower,2023-05-27 13:25:03,180
Big Tower,2023-05-27 13:30:04,180
Big Tower,2023-05-27 13:35:05,180
Big Tower,2023-05-27 13:40:04,120
Big Tower,2023-05-27 13:45:13,120
Big Tower,2023-05-27 13:50:04,120
Big Tower,2023-05-27 13:55:04,120
Big Tower,2023-05-27 14:00:04,120
Big Tower,2023-05-27 14:05:05,120
Big Tower,2023-05-27 14:10:04,120
Big Tower,2023-05-27 14:15:05,120
Big Tower,2023-05-27 14:20:05,120
Big Tower,2023-05-27 14:25:04,120
Big Tower,2023-05-27 14:30:05,120
Big Tower,2023-05-27 14:35:04,120
Big Tower,2023-05-27 14:40:05,150
Big Tower,2023-05-27 14:45:04,150
Big Tower,2023-05-27 14:50:05,150
Big Tower,2023-05-27 14:55:04,150
Big Tower,2023-05-27 15:00:04,150
Big Tower,2023-05-27 15:05:04,150
Big Tower,2023-05-27 15:10:05,120
Big Tower,2023-05-27 15:15:04,120
Big Tower,2023-05-27 15:20:05,120
Big Tower,2023-05-27 15:25:04,120
Big Tower,2023-05-27 15:30:05,120
Big Tower,2023-05-27 15:35:04,120
Big Tower,2023-05-27 15:40:04,90
Big Tower,2023-05-27 15:45:04,90
Big Tower,2023-05-27 15:50:05,90
Big Tower,2023-05-27 15:55:04,90
Big Tower,2023-05-27 16:00:05,90
Big Tower,2023-05-27 16:05:05,90
Big Tower,2023-05-27 16:10:05,90
Big Tower,2023-05-27 16:15:04,90
Big Tower,2023-05-27 16:20:05,90
Big Tower,2023-05-27 16:25:05,90
Big Tower,2023-05-27 16:30:05,90
Big Tower,2023-05-27 16:35:04,90
Big Tower,2023-05-27 16:40:05,80
Big Tower,2023-05-27 16:45:03,80
Big Tower,2023-05-27 16:50:05,80
Big Tower,2023-05-27 16:55:04,80
Big Tower,2023-05-27 17:00:05,80
Big Tower,2023-05-27 17:05:05,80
Big Tower,2023-05-27 17:10:04,90
Big Tower,2023-05-27 17:15:04,90
Big Tower,2023-05-27 17:20:05,90
Big Tower,2023-05-27 17:25:04,90
Big Tower,2023-05-27 17:30:06,90
Big Tower,2023-05-27 17:35:04,40
Big Tower,2023-05-27 17:40:05,40
Big Tower,2023-05-27 17:45:04,40
Big Tower,2023-05-27 17:50:05,40
Big Tower,2023-05-27 17:55:04,40
Big Tower,2023-05-27 18:00:05,40
Big Tower,2023-05-27 18:05:04,40
